BHT_SIZE_BITS,PHT_SIZE_BITS,HIST_LEN,trace,instructions,branches,cond_branches,predictions,extra_cycles,short_misp,block_short_misp,mispredictions,p1_latency,p2_latency,energy_per_inst
4,4,4,test,2004999,396599,334545,2004999,118433,0,0,44539,0.593333,0.606667,40
4,4,5,test,2004999,396599,334545,2004999,130261,0,0,48521,0.58,0.593333,42
4,4,6,test,2004999,396599,334545,2004999,141224,0,0,55087,0.583333,0.596667,43
4,4,7,test,2004999,396599,334545,2004999,151676,0,0,58962,0.586667,0.6,45
4,4,8,test,2004999,396599,334545,2004999,228990,0,0,109494,0.586667,0.6,47
4,4,9,test,2004999,396599,334545,2004999,178901,0,0,78554,0.626667,0.64,50
4,4,10,test,2004999,396599,334545,2004999,176492,0,0,71485,0.626667,0.64,51
4,4,11,test,2004999,396599,334545,2004999,179401,0,0,66873,0.626667,0.64,53
4,4,12,test,2004999,396599,334545,2004999,184449,0,0,66308,0.63,0.643333,55
4,5,4,test,2004999,396599,334545,2004999,104696,0,0,38492,0.61,0.623333,42
4,5,5,test,2004999,396599,334545,2004999,115918,0,0,41710,0.643333,0.656667,45
4,5,6,test,2004999,396599,334545,2004999,125758,0,0,48577,0.646667,0.66,48
4,5,7,test,2004999,396599,334545,2004999,136664,0,0,52723,0.65,0.663333,50
4,5,8,test,2004999,396599,334545,2004999,222012,0,0,106814,0.653333,0.666667,53
4,5,9,test,2004999,396599,334545,2004999,162199,0,0,70244,0.68,0.693333,56
4,5,10,test,2004999,396599,334545,2004999,158812,0,0,62625,0.68,0.693333,58
4,5,11,test,2004999,396599,334545,2004999,161460,0,0,57663,0.683333,0.696667,60
4,5,12,test,2004999,396599,334545,2004999,165844,0,0,57305,0.683333,0.696667,62
4,6,4,test,2004999,396599,334545,2004999,100263,0,0,36028,0.633333,0.646667,48
4,6,5,test,2004999,396599,334545,2004999,110959,0,0,39163,0.673333,0.686667,52
4,6,6,test,2004999,396599,334545,2004999,120893,0,0,44079,0.676667,0.69,55
4,6,7,test,2004999,396599,334545,2004999,131976,0,0,48749,0.68,0.693333,58
4,6,8,test,2004999,396599,334545,2004999,222164,0,0,107366,0.68,0.693333,61
4,6,9,test,2004999,396599,334545,2004999,155655,0,0,67271,0.786667,0.8,68
4,6,10,test,2004999,396599,334545,2004999,151663,0,0,58374,0.79,0.803333,71
4,6,11,test,2004999,396599,334545,2004999,153205,0,0,53358,0.793333,0.806667,74
4,6,12,test,2004999,396599,334545,2004999,156818,0,0,52208,0.796667,0.81,77
4,7,4,test,2004999,396599,334545,2004999,98444,0,0,36359,0.663333,0.676667,56
4,7,5,test,2004999,396599,334545,2004999,108977,0,0,42184,0.77,0.783333,65
4,7,6,test,2004999,396599,334545,2004999,119183,0,0,44880,0.773333,0.786667,70
4,7,7,test,2004999,396599,334545,2004999,128910,0,0,49157,0.776667,0.79,75
4,7,8,test,2004999,396599,334545,2004999,216122,0,0,105334,0.783333,0.796667,80
4,7,9,test,2004999,396599,334545,2004999,151534,0,0,67019,0.816667,0.83,83
4,7,10,test,2004999,396599,334545,2004999,149586,0,0,59165,0.82,0.833333,86
4,7,11,test,2004999,396599,334545,2004999,151628,0,0,54982,0.823333,0.836667,90
4,7,12,test,2004999,396599,334545,2004999,155898,0,0,53242,0.823333,0.836667,94
4,8,4,test,2004999,396599,334545,2004999,93238,0,0,33273,0.726667,0.74,70
4,8,5,test,2004999,396599,334545,2004999,103323,0,0,35867,0.756667,0.77,76
4,8,6,test,2004999,396599,334545,2004999,112740,0,0,40468,0.76,0.773333,82
4,8,7,test,2004999,396599,334545,2004999,123190,0,0,44750,0.766667,0.78,88
4,8,8,test,2004999,396599,334545,2004999,220571,0,0,107037,0.77,0.783333,94
4,8,9,test,2004999,396599,334545,2004999,145926,0,0,62898,0.82,0.833333,102
4,8,10,test,2004999,396599,334545,2004999,142810,0,0,54926,0.823333,0.836667,109
4,8,11,test,2004999,396599,334545,2004999,143779,0,0,49860,0.826667,0.84,116
4,8,12,test,2004999,396599,334545,2004999,147216,0,0,48208,0.823333,0.836667,130
4,9,4,test,2004999,396599,334545,2004999,93482,0,0,33269,0.753333,0.766667,89
4,9,5,test,2004999,396599,334545,2004999,103587,0,0,35859,0.82,0.833333,103
4,9,6,test,2004999,396599,334545,2004999,113033,0,0,40226,0.803333,0.816667,121
4,9,7,test,2004999,396599,334545,2004999,123592,0,0,44641,0.81,0.823333,133
4,9,8,test,2004999,396599,334545,2004999,221257,0,0,107842,0.826667,0.84,145
4,9,9,test,2004999,396599,334545,2004999,146514,0,0,63052,0.893333,0.906667,131
4,9,10,test,2004999,396599,334545,2004999,143247,0,0,54925,0.896667,0.91,139
4,9,11,test,2004999,396599,334545,2004999,144247,0,0,49800,0.9,0.913333,147
4,9,12,test,2004999,396599,334545,2004999,147727,0,0,47926,0.9,0.913333,167
4,10,4,test,2004999,396599,334545,2004999,92784,0,0,33000,0.806667,0.82,136
4,10,5,test,2004999,396599,334545,2004999,102781,0,0,35428,0.853333,0.866667,158
4,10,6,test,2004999,396599,334545,2004999,112070,0,0,39883,0.88,0.893333,153
4,10,7,test,2004999,396599,334545,2004999,122484,0,0,44240,0.883333,0.896667,167
4,10,8,test,2004999,396599,334545,2004999,220184,0,0,106856,0.89,0.903333,181
4,10,9,test,2004999,396599,334545,2004999,145097,0,0,62139,0.933333,0.946667,196
4,10,10,test,2004999,396599,334545,2004999,141781,0,0,54026,0.94,0.953333,211
4,10,11,test,2004999,396599,334545,2004999,142699,0,0,49020,0.946667,0.96,225
4,10,12,test,2004999,396599,334545,2004999,146108,0,0,47378,0.963333,0.976667,240
4,11,4,test,2004999,396599,334545,2004999,92576,0,0,32915,0.873333,0.886667,170
4,11,5,test,2004999,396599,334545,2004999,102519,0,0,35342,0.916667,0.93,198
4,11,6,test,2004999,396599,334545,2004999,111793,0,0,39671,0.94,0.953333,225
4,11,7,test,2004999,396599,334545,2004999,122184,0,0,44031,0.956667,0.97,253
4,11,8,test,2004999,396599,334545,2004999,220089,0,0,106954,1.05,1.06333,201
4,11,9,test,2004999,396599,334545,2004999,144736,0,0,62019,1.09333,1.10667,218
4,11,10,test,2004999,396599,334545,2004999,141376,0,0,53863,1.1,1.11333,233
4,11,11,test,2004999,396599,334545,2004999,142257,0,0,48807,1.10667,1.12,248
4,11,12,test,2004999,396599,334545,2004999,145636,0,0,47091,1.11333,1.12667,263
4,12,4,test,2004999,396599,334545,2004999,92489,0,0,32903,1.03,1.04333,190
4,12,5,test,2004999,396599,334545,2004999,102431,0,0,35336,1.07667,1.09,217
4,12,6,test,2004999,396599,334545,2004999,111697,0,0,39638,1.09,1.10333,243
4,12,7,test,2004999,396599,334545,2004999,122053,0,0,44032,1.10333,1.11667,269
4,12,8,test,2004999,396599,334545,2004999,219987,0,0,106863,1.11,1.12333,296
4,12,9,test,2004999,396599,334545,2004999,144567,0,0,61961,1.17,1.18333,328
4,12,10,test,2004999,396599,334545,2004999,141227,0,0,53766,1.21667,1.23,311
4,12,11,test,2004999,396599,334545,2004999,142105,0,0,48777,1.23667,1.25,334
4,12,12,test,2004999,396599,334545,2004999,145452,0,0,47008,1.24333,1.25667,358
5,4,4,test,2004999,396599,334545,2004999,118433,0,0,44539,0.616667,0.63,42
5,4,5,test,2004999,396599,334545,2004999,128876,0,0,41322,0.57,0.583333,43
5,4,6,test,2004999,396599,334545,2004999,139023,0,0,46800,0.606667,0.62,46
5,4,7,test,2004999,396599,334545,2004999,147472,0,0,50908,0.61,0.623333,48
5,4,8,test,2004999,396599,334545,2004999,155900,0,0,55906,0.68,0.693333,53
5,4,9,test,2004999,396599,334545,2004999,166804,0,0,60259,0.613333,0.626667,51
5,4,10,test,2004999,396599,334545,2004999,238070,0,0,110881,0.613333,0.626667,53
5,4,11,test,2004999,396599,334545,2004999,187905,0,0,74547,0.65,0.663333,56
5,4,12,test,2004999,396599,334545,2004999,186069,0,0,69934,0.653333,0.666667,57
5,5,4,test,2004999,396599,334545,2004999,104696,0,0,38492,0.703333,0.716667,48
5,5,5,test,2004999,396599,334545,2004999,114759,0,0,36168,0.633333,0.646667,46
5,5,6,test,2004999,396599,334545,2004999,123998,0,0,40452,0.67,0.683333,50
5,5,7,test,2004999,396599,334545,2004999,132080,0,0,45487,0.673333,0.686667,52
5,5,8,test,2004999,396599,334545,2004999,139530,0,0,49067,0.676667,0.69,55
5,5,9,test,2004999,396599,334545,2004999,149776,0,0,54103,0.666667,0.68,57
5,5,10,test,2004999,396599,334545,2004999,229261,0,0,105968,0.666667,0.68,60
5,5,11,test,2004999,396599,334545,2004999,169469,0,0,67279,0.706667,0.72,63
5,5,12,test,2004999,396599,334545,2004999,167118,0,0,61650,0.706667,0.72,65
5,6,4,test,2004999,396599,334545,2004999,100263,0,0,36028,0.656667,0.67,50
5,6,5,test,2004999,396599,334545,2004999,109999,0,0,33708,0.663333,0.676667,53
5,6,6,test,2004999,396599,334545,2004999,118609,0,0,37197,0.7,0.713333,57
5,6,7,test,2004999,396599,334545,2004999,125950,0,0,41190,0.703333,0.716667,60
5,6,8,test,2004999,396599,334545,2004999,133254,0,0,45521,0.773333,0.786667,68
5,6,9,test,2004999,396599,334545,2004999,143501,0,0,50639,0.703333,0.716667,66
5,6,10,test,2004999,396599,334545,2004999,230147,0,0,106927,0.706667,0.72,69
5,6,11,test,2004999,396599,334545,2004999,162931,0,0,64634,0.746667,0.76,73
5,6,12,test,2004999,396599,334545,2004999,159389,0,0,57734,0.75,0.763333,76
5,7,4,test,2004999,396599,334545,2004999,98444,0,0,36359,0.766667,0.78,63
5,7,5,test,2004999,396599,334545,2004999,108151,0,0,34115,0.69,0.703333,63
5,7,6,test,2004999,396599,334545,2004999,116825,0,0,39505,0.796667,0.81,72
5,7,7,test,2004999,396599,334545,2004999,124136,0,0,42700,0.8,0.813333,77
5,7,8,test,2004999,396599,334545,2004999,132176,0,0,45275,0.806667,0.82,82
5,7,9,test,2004999,396599,334545,2004999,141258,0,0,50210,0.803333,0.816667,83
5,7,10,test,2004999,396599,334545,2004999,222737,0,0,104163,0.806667,0.82,88
5,7,11,test,2004999,396599,334545,2004999,159094,0,0,63425,0.846667,0.86,93
5,7,12,test,2004999,396599,334545,2004999,158096,0,0,57647,0.846667,0.86,96
5,8,4,test,2004999,396599,334545,2004999,93238,0,0,33273,0.75,0.763333,72
5,8,5,test,2004999,396599,334545,2004999,102338,0,0,31135,0.746667,0.76,76
5,8,6,test,2004999,396599,334545,2004999,110487,0,0,34348,0.783333,0.796667,84
5,8,7,test,2004999,396599,334545,2004999,117232,0,0,37980,0.79,0.803333,90
5,8,8,test,2004999,396599,334545,2004999,124550,0,0,42034,0.803333,0.816667,99
5,8,9,test,2004999,396599,334545,2004999,134447,0,0,46964,0.796667,0.81,103
5,8,10,test,2004999,396599,334545,2004999,228752,0,0,107282,0.8,0.813333,110
5,8,11,test,2004999,396599,334545,2004999,152933,0,0,60001,0.85,0.863333,118
5,8,12,test,2004999,396599,334545,2004999,149915,0,0,53047,0.846667,0.86,133
5,9,4,test,2004999,396599,334545,2004999,93482,0,0,33269,0.786667,0.8,94
5,9,5,test,2004999,396599,334545,2004999,102588,0,0,31043,0.8,0.813333,104
5,9,6,test,2004999,396599,334545,2004999,110752,0,0,34245,0.826667,0.84,123
5,9,7,test,2004999,396599,334545,2004999,117552,0,0,37765,0.833333,0.846667,135
5,9,8,test,2004999,396599,334545,2004999,124909,0,0,41907,0.85,0.863333,147
5,9,9,test,2004999,396599,334545,2004999,134900,0,0,46662,0.87,0.883333,132
5,9,10,test,2004999,396599,334545,2004999,229637,0,0,107926,0.873333,0.886667,141
5,9,11,test,2004999,396599,334545,2004999,153681,0,0,60102,0.913333,0.926667,150
5,9,12,test,2004999,396599,334545,2004999,150485,0,0,53153,0.913333,0.926667,170
5,10,4,test,2004999,396599,334545,2004999,92784,0,0,33000,0.83,0.843333,138
5,10,5,test,2004999,396599,334545,2004999,101780,0,0,30816,0.843333,0.856667,159
5,10,6,test,2004999,396599,334545,2004999,109831,0,0,33987,0.893333,0.906667,155
5,10,7,test,2004999,396599,334545,2004999,116494,0,0,37448,0.896667,0.91,169
5,10,8,test,2004999,396599,334545,2004999,123720,0,0,41387,0.913333,0.926667,186
5,10,9,test,2004999,396599,334545,2004999,133587,0,0,46265,0.92,0.933333,197
5,10,10,test,2004999,396599,334545,2004999,228290,0,0,106953,0.926667,0.94,212
5,10,11,test,2004999,396599,334545,2004999,151996,0,0,59245,0.97,0.983333,228
5,10,12,test,2004999,396599,334545,2004999,148729,0,0,52087,0.976667,0.99,243
5,11,4,test,2004999,396599,334545,2004999,92576,0,0,32915,0.896667,0.91,176
5,11,5,test,2004999,396599,334545,2004999,101541,0,0,30700,0.906667,0.92,199
5,11,6,test,2004999,396599,334545,2004999,109558,0,0,33899,0.953333,0.966667,228
5,11,7,test,2004999,396599,334545,2004999,116184,0,0,37251,0.98,0.993333,255
5,11,8,test,2004999,396599,334545,2004999,123382,0,0,41256,1.06333,1.07667,203
5,11,9,test,2004999,396599,334545,2004999,133224,0,0,46028,1.07,1.08333,220
5,11,10,test,2004999,396599,334545,2004999,228168,0,0,107010,1.07667,1.09,235
5,11,11,test,2004999,396599,334545,2004999,151560,0,0,58985,1.12,1.13333,251
5,11,12,test,2004999,396599,334545,2004999,148280,0,0,51862,1.12667,1.14,266
5,12,4,test,2004999,396599,334545,2004999,92489,0,0,32903,1.05333,1.06667,192
5,12,5,test,2004999,396599,334545,2004999,101449,0,0,30670,1.05667,1.07,218
5,12,6,test,2004999,396599,334545,2004999,109448,0,0,33858,1.10333,1.11667,246
5,12,7,test,2004999,396599,334545,2004999,116075,0,0,37233,1.11667,1.13,272
5,12,8,test,2004999,396599,334545,2004999,123266,0,0,41206,1.14333,1.15667,302
5,12,9,test,2004999,396599,334545,2004999,133079,0,0,46028,1.15667,1.17,329
5,12,10,test,2004999,396599,334545,2004999,228043,0,0,106895,1.20333,1.21667,313
5,12,11,test,2004999,396599,334545,2004999,151384,0,0,58915,1.25,1.26333,337
5,12,12,test,2004999,396599,334545,2004999,148134,0,0,51797,1.26667,1.28,361
6,4,4,test,2004999,396599,334545,2004999,118433,0,0,44539,0.7,0.713333,48
6,4,5,test,2004999,396599,334545,2004999,128876,0,0,41322,0.653333,0.666667,48
6,4,6,test,2004999,396599,334545,2004999,138233,0,0,38572,0.656667,0.67,50
6,4,7,test,2004999,396599,334545,2004999,146635,0,0,42810,0.693333,0.706667,54
6,4,8,test,2004999,396599,334545,2004999,155097,0,0,47327,0.623333,0.636667,52
6,4,9,test,2004999,396599,334545,2004999,162326,0,0,49443,0.696667,0.71,58
6,4,10,test,2004999,396599,334545,2004999,169807,0,0,52368,0.696667,0.71,60
6,4,11,test,2004999,396599,334545,2004999,178259,0,0,54858,0.696667,0.71,62
6,4,12,test,2004999,396599,334545,2004999,247440,0,0,109695,0.63,0.643333,59
6,5,4,test,2004999,396599,334545,2004999,104696,0,0,38492,0.646667,0.66,46
6,5,5,test,2004999,396599,334545,2004999,114759,0,0,36168,0.646667,0.66,49
6,5,6,test,2004999,396599,334545,2004999,123308,0,0,34280,0.65,0.663333,51
6,5,7,test,2004999,396599,334545,2004999,131355,0,0,38034,0.756667,0.77,58
6,5,8,test,2004999,396599,334545,2004999,138507,0,0,42264,0.76,0.773333,61
6,5,9,test,2004999,396599,334545,2004999,145575,0,0,44292,0.75,0.763333,63
6,5,10,test,2004999,396599,334545,2004999,152149,0,0,46644,0.75,0.763333,65
6,5,11,test,2004999,396599,334545,2004999,160005,0,0,49065,0.753333,0.766667,67
6,5,12,test,2004999,396599,334545,2004999,237932,0,0,103865,0.753333,0.766667,70
6,6,4,test,2004999,396599,334545,2004999,100263,0,0,36028,0.74,0.753333,55
6,6,5,test,2004999,396599,334545,2004999,109999,0,0,33708,0.746667,0.76,58
6,6,6,test,2004999,396599,334545,2004999,118205,0,0,31576,0.75,0.763333,61
6,6,7,test,2004999,396599,334545,2004999,125598,0,0,34629,0.786667,0.8,66
6,6,8,test,2004999,396599,334545,2004999,132044,0,0,37756,0.786667,0.8,69
6,6,9,test,2004999,396599,334545,2004999,138867,0,0,40103,0.786667,0.8,72
6,6,10,test,2004999,396599,334545,2004999,145405,0,0,44443,0.79,0.803333,75
6,6,11,test,2004999,396599,334545,2004999,153860,0,0,46680,0.793333,0.806667,78
6,6,12,test,2004999,396599,334545,2004999,237801,0,0,105018,0.796667,0.81,82
6,7,4,test,2004999,396599,334545,2004999,98444,0,0,36359,0.77,0.783333,64
6,7,5,test,2004999,396599,334545,2004999,108151,0,0,34115,0.773333,0.786667,69
6,7,6,test,2004999,396599,334545,2004999,116336,0,0,32019,0.776667,0.79,74
6,7,7,test,2004999,396599,334545,2004999,123607,0,0,36042,0.813333,0.826667,81
6,7,8,test,2004999,396599,334545,2004999,130444,0,0,38526,0.83,0.843333,86
6,7,9,test,2004999,396599,334545,2004999,137202,0,0,40720,0.826667,0.84,87
6,7,10,test,2004999,396599,334545,2004999,144206,0,0,43514,0.83,0.843333,91
6,7,11,test,2004999,396599,334545,2004999,151449,0,0,45770,0.833333,0.846667,95
6,7,12,test,2004999,396599,334545,2004999,229419,0,0,99763,0.833333,0.846667,99
6,8,4,test,2004999,396599,334545,2004999,93238,0,0,33273,0.773333,0.786667,75
6,8,5,test,2004999,396599,334545,2004999,102338,0,0,31135,0.77,0.783333,80
6,8,6,test,2004999,396599,334545,2004999,110096,0,0,29312,0.773333,0.786667,86
6,8,7,test,2004999,396599,334545,2004999,116685,0,0,31913,0.813333,0.826667,93
6,8,8,test,2004999,396599,334545,2004999,123350,0,0,35004,0.816667,0.83,100
6,8,9,test,2004999,396599,334545,2004999,129867,0,0,37022,0.82,0.833333,106
6,8,10,test,2004999,396599,334545,2004999,136220,0,0,40694,0.823333,0.836667,113
6,8,11,test,2004999,396599,334545,2004999,144055,0,0,42889,0.826667,0.84,120
6,8,12,test,2004999,396599,334545,2004999,235524,0,0,104618,0.823333,0.836667,136
6,9,4,test,2004999,396599,334545,2004999,93482,0,0,33269,0.8,0.813333,94
6,9,5,test,2004999,396599,334545,2004999,102588,0,0,31043,0.823333,0.836667,108
6,9,6,test,2004999,396599,334545,2004999,110366,0,0,29200,0.806667,0.82,126
6,9,7,test,2004999,396599,334545,2004999,116997,0,0,31686,0.856667,0.87,139
6,9,8,test,2004999,396599,334545,2004999,123703,0,0,34792,0.863333,0.876667,151
6,9,9,test,2004999,396599,334545,2004999,130278,0,0,36705,0.893333,0.906667,136
6,9,10,test,2004999,396599,334545,2004999,136669,0,0,40367,0.896667,0.91,144
6,9,11,test,2004999,396599,334545,2004999,144648,0,0,42616,0.9,0.913333,152
6,9,12,test,2004999,396599,334545,2004999,236591,0,0,104912,0.9,0.913333,173
6,10,4,test,2004999,396599,334545,2004999,92784,0,0,33000,0.843333,0.856667,142
6,10,5,test,2004999,396599,334545,2004999,101780,0,0,30816,0.866667,0.88,163
6,10,6,test,2004999,396599,334545,2004999,109440,0,0,29024,0.883333,0.896667,158
6,10,7,test,2004999,396599,334545,2004999,115965,0,0,31565,0.92,0.933333,173
6,10,8,test,2004999,396599,334545,2004999,122566,0,0,34561,0.926667,0.94,186
6,10,9,test,2004999,396599,334545,2004999,129001,0,0,36305,0.933333,0.946667,201
6,10,10,test,2004999,396599,334545,2004999,135254,0,0,39942,0.94,0.953333,216
6,10,11,test,2004999,396599,334545,2004999,143076,0,0,42187,0.946667,0.96,231
6,10,12,test,2004999,396599,334545,2004999,234998,0,0,103908,0.963333,0.976667,246
6,11,4,test,2004999,396599,334545,2004999,92576,0,0,32915,0.91,0.923333,176
6,11,5,test,2004999,396599,334545,2004999,101541,0,0,30700,0.92,0.933333,203
6,11,6,test,2004999,396599,334545,2004999,109175,0,0,28871,0.943333,0.956667,230
6,11,7,test,2004999,396599,334545,2004999,115651,0,0,31350,0.993333,1.00667,259
6,11,8,test,2004999,396599,334545,2004999,122213,0,0,34358,1.08667,1.1,208
6,11,9,test,2004999,396599,334545,2004999,128627,0,0,36164,1.09333,1.10667,224
6,11,10,test,2004999,396599,334545,2004999,134863,0,0,39766,1.1,1.11333,239
6,11,11,test,2004999,396599,334545,2004999,142655,0,0,41968,1.10667,1.12,254
6,11,12,test,2004999,396599,334545,2004999,234850,0,0,103996,1.11333,1.12667,270
6,12,4,test,2004999,396599,334545,2004999,92489,0,0,32903,1.06667,1.08,196
6,12,5,test,2004999,396599,334545,2004999,101449,0,0,30670,1.08,1.09333,222
6,12,6,test,2004999,396599,334545,2004999,109071,0,0,28864,1.09333,1.10667,248
6,12,7,test,2004999,396599,334545,2004999,115538,0,0,31319,1.14,1.15333,276
6,12,8,test,2004999,396599,334545,2004999,122084,0,0,34336,1.15667,1.17,302
6,12,9,test,2004999,396599,334545,2004999,128492,0,0,36119,1.17,1.18333,333
6,12,10,test,2004999,396599,334545,2004999,134722,0,0,39757,1.21667,1.23,316
6,12,11,test,2004999,396599,334545,2004999,142489,0,0,41932,1.23667,1.25,340
6,12,12,test,2004999,396599,334545,2004999,234701,0,0,103863,1.24333,1.25667,365
7,4,4,test,2004999,396599,334545,2004999,118433,0,0,44539,0.673333,0.686667,50
7,4,5,test,2004999,396599,334545,2004999,128876,0,0,41322,0.626667,0.64,51
7,4,6,test,2004999,396599,334545,2004999,138233,0,0,38572,0.63,0.643333,53
7,4,7,test,2004999,396599,334545,2004999,146472,0,0,36753,0.703333,0.716667,57
7,4,8,test,2004999,396599,334545,2004999,155086,0,0,40377,0.736667,0.75,61
7,4,9,test,2004999,396599,334545,2004999,162412,0,0,44061,0.74,0.753333,63
7,4,10,test,2004999,396599,334545,2004999,169690,0,0,46336,0.74,0.753333,64
7,4,11,test,2004999,396599,334545,2004999,175656,0,0,48469,0.67,0.683333,63
7,4,12,test,2004999,396599,334545,2004999,181904,0,0,50617,0.673333,0.686667,65
7,5,4,test,2004999,396599,334545,2004999,104696,0,0,38492,0.76,0.773333,55
7,5,5,test,2004999,396599,334545,2004999,114759,0,0,36168,0.76,0.773333,57
7,5,6,test,2004999,396599,334545,2004999,123308,0,0,34280,0.693333,0.706667,57
7,5,7,test,2004999,396599,334545,2004999,131054,0,0,32934,0.696667,0.71,59
7,5,8,test,2004999,396599,334545,2004999,138391,0,0,36586,0.733333,0.746667,63
7,5,9,test,2004999,396599,334545,2004999,145363,0,0,39585,0.723333,0.736667,66
7,5,10,test,2004999,396599,334545,2004999,151769,0,0,41408,0.723333,0.736667,68
7,5,11,test,2004999,396599,334545,2004999,157347,0,0,43675,0.726667,0.74,70
7,5,12,test,2004999,396599,334545,2004999,162707,0,0,44902,0.726667,0.74,71
7,6,4,test,2004999,396599,334545,2004999,100263,0,0,36028,0.713333,0.726667,57
7,6,5,test,2004999,396599,334545,2004999,109999,0,0,33708,0.72,0.733333,61
7,6,6,test,2004999,396599,334545,2004999,118205,0,0,31576,0.723333,0.736667,63
7,6,7,test,2004999,396599,334545,2004999,125162,0,0,30649,0.726667,0.74,66
7,6,8,test,2004999,396599,334545,2004999,131935,0,0,33033,0.84,0.853333,79
7,6,9,test,2004999,396599,334545,2004999,138496,0,0,35708,0.76,0.773333,74
7,6,10,test,2004999,396599,334545,2004999,144585,0,0,36983,0.763333,0.776667,76
7,6,11,test,2004999,396599,334545,2004999,149861,0,0,39894,0.766667,0.78,80
7,6,12,test,2004999,396599,334545,2004999,155232,0,0,41457,0.77,0.783333,83
7,7,4,test,2004999,396599,334545,2004999,98444,0,0,36359,0.823333,0.836667,74
7,7,5,test,2004999,396599,334545,2004999,108151,0,0,34115,0.746667,0.76,70
7,7,6,test,2004999,396599,334545,2004999,116336,0,0,32019,0.82,0.833333,78
7,7,7,test,2004999,396599,334545,2004999,123301,0,0,30361,0.823333,0.836667,84
7,7,8,test,2004999,396599,334545,2004999,130666,0,0,33745,0.863333,0.876667,91
7,7,9,test,2004999,396599,334545,2004999,136971,0,0,35026,0.86,0.873333,92
7,7,10,test,2004999,396599,334545,2004999,142936,0,0,36815,0.863333,0.876667,95
7,7,11,test,2004999,396599,334545,2004999,148253,0,0,40070,0.866667,0.88,99
7,7,12,test,2004999,396599,334545,2004999,153962,0,0,41395,0.866667,0.88,103
7,8,4,test,2004999,396599,334545,2004999,93238,0,0,33273,0.806667,0.82,80
7,8,5,test,2004999,396599,334545,2004999,102338,0,0,31135,0.803333,0.816667,84
7,8,6,test,2004999,396599,334545,2004999,110096,0,0,29312,0.806667,0.82,90
7,8,7,test,2004999,396599,334545,2004999,116445,0,0,28272,0.813333,0.826667,96
7,8,8,test,2004999,396599,334545,2004999,123255,0,0,30211,0.87,0.883333,110
7,8,9,test,2004999,396599,334545,2004999,129547,0,0,32077,0.853333,0.866667,111
7,8,10,test,2004999,396599,334545,2004999,135331,0,0,33367,0.856667,0.87,118
7,8,11,test,2004999,396599,334545,2004999,140355,0,0,36526,0.87,0.883333,125
7,8,12,test,2004999,396599,334545,2004999,145622,0,0,37776,0.866667,0.88,140
7,9,4,test,2004999,396599,334545,2004999,93482,0,0,33269,0.853333,0.866667,104
7,9,5,test,2004999,396599,334545,2004999,102588,0,0,31043,0.856667,0.87,112
7,9,6,test,2004999,396599,334545,2004999,110366,0,0,29200,0.85,0.863333,130
7,9,7,test,2004999,396599,334545,2004999,116749,0,0,28149,0.856667,0.87,142
7,9,8,test,2004999,396599,334545,2004999,123600,0,0,29989,0.906667,0.92,155
7,9,9,test,2004999,396599,334545,2004999,129938,0,0,31811,0.926667,0.94,141
7,9,10,test,2004999,396599,334545,2004999,135766,0,0,33010,0.93,0.943333,149
7,9,11,test,2004999,396599,334545,2004999,140863,0,0,36171,0.933333,0.946667,157
7,9,12,test,2004999,396599,334545,2004999,146184,0,0,37647,0.933333,0.946667,177
7,10,4,test,2004999,396599,334545,2004999,92784,0,0,33000,0.886667,0.9,146
7,10,5,test,2004999,396599,334545,2004999,101780,0,0,30816,0.9,0.913333,168
7,10,6,test,2004999,396599,334545,2004999,109440,0,0,29024,0.916667,0.93,162
7,10,7,test,2004999,396599,334545,2004999,115710,0,0,27970,0.92,0.933333,176
7,10,8,test,2004999,396599,334545,2004999,122460,0,0,29778,0.98,0.993333,197
7,10,9,test,2004999,396599,334545,2004999,128678,0,0,31605,0.976667,0.99,206
7,10,10,test,2004999,396599,334545,2004999,134388,0,0,32667,0.983333,0.996667,221
7,10,11,test,2004999,396599,334545,2004999,139347,0,0,35823,0.99,1.00333,236
7,10,12,test,2004999,396599,334545,2004999,144516,0,0,37180,0.996667,1.01,250
7,11,4,test,2004999,396599,334545,2004999,92576,0,0,32915,0.963333,0.976667,187
7,11,5,test,2004999,396599,334545,2004999,101541,0,0,30700,0.963333,0.976667,208
7,11,6,test,2004999,396599,334545,2004999,109175,0,0,28871,0.976667,0.99,235
7,11,7,test,2004999,396599,334545,2004999,115402,0,0,27833,1.00333,1.01667,262
7,11,8,test,2004999,396599,334545,2004999,122114,0,0,29654,1.12,1.13333,213
7,11,9,test,2004999,396599,334545,2004999,128307,0,0,31416,1.12667,1.14,229
7,11,10,test,2004999,396599,334545,2004999,133992,0,0,32502,1.13333,1.14667,244
7,11,11,test,2004999,396599,334545,2004999,138916,0,0,35626,1.14,1.15333,259
7,11,12,test,2004999,396599,334545,2004999,144069,0,0,36946,1.14667,1.16,274
7,12,4,test,2004999,396599,334545,2004999,92489,0,0,32903,1.11,1.12333,201
7,12,5,test,2004999,396599,334545,2004999,101449,0,0,30670,1.11333,1.12667,227
7,12,6,test,2004999,396599,334545,2004999,109071,0,0,28864,1.12667,1.14,253
7,12,7,test,2004999,396599,334545,2004999,115290,0,0,27812,1.14,1.15333,279
7,12,8,test,2004999,396599,334545,2004999,121983,0,0,29596,1.21,1.22333,314
7,12,9,test,2004999,396599,334545,2004999,128170,0,0,31383,1.21333,1.22667,338
7,12,10,test,2004999,396599,334545,2004999,133842,0,0,32506,1.26,1.27333,322
7,12,11,test,2004999,396599,334545,2004999,138772,0,0,35598,1.27,1.28333,345
7,12,12,test,2004999,396599,334545,2004999,143924,0,0,36912,1.28667,1.3,369
8,4,4,test,2004999,396599,334545,2004999,118433,0,0,44539,0.773333,0.786667,63
8,4,5,test,2004999,396599,334545,2004999,128876,0,0,41322,0.726667,0.74,63
8,4,6,test,2004999,396599,334545,2004999,138233,0,0,38572,0.74,0.753333,65
8,4,7,test,2004999,396599,334545,2004999,146472,0,0,36753,0.743333,0.756667,67
8,4,8,test,2004999,396599,334545,2004999,154681,0,0,35257,0.733333,0.746667,67
8,4,9,test,2004999,396599,334545,2004999,162266,0,0,38141,0.78,0.793333,73
8,4,10,test,2004999,396599,334545,2004999,169171,0,0,41375,0.78,0.793333,75
8,4,11,test,2004999,396599,334545,2004999,175259,0,0,43348,0.78,0.793333,77
8,4,12,test,2004999,396599,334545,2004999,181394,0,0,45049,0.783333,0.796667,79
8,5,4,test,2004999,396599,334545,2004999,104696,0,0,38492,0.79,0.803333,63
8,5,5,test,2004999,396599,334545,2004999,114759,0,0,36168,0.8,0.813333,68
8,5,6,test,2004999,396599,334545,2004999,123308,0,0,34280,0.803333,0.816667,71
8,5,7,test,2004999,396599,334545,2004999,131054,0,0,32934,0.806667,0.82,74
8,5,8,test,2004999,396599,334545,2004999,138122,0,0,31897,0.81,0.823333,76
8,5,9,test,2004999,396599,334545,2004999,145448,0,0,34610,0.833333,0.846667,81
8,5,10,test,2004999,396599,334545,2004999,151381,0,0,38050,0.833333,0.846667,84
8,5,11,test,2004999,396599,334545,2004999,156914,0,0,39465,0.836667,0.85,86
8,5,12,test,2004999,396599,334545,2004999,162076,0,0,40621,0.836667,0.85,89
8,6,4,test,2004999,396599,334545,2004999,100263,0,0,36028,0.823333,0.836667,72
8,6,5,test,2004999,396599,334545,2004999,109999,0,0,33708,0.83,0.843333,77
8,6,6,test,2004999,396599,334545,2004999,118205,0,0,31576,0.843333,0.856667,80
8,6,7,test,2004999,396599,334545,2004999,125162,0,0,30649,0.846667,0.86,83
8,6,8,test,2004999,396599,334545,2004999,131774,0,0,30042,0.826667,0.84,82
8,6,9,test,2004999,396599,334545,2004999,138215,0,0,31979,0.88,0.893333,92
8,6,10,test,2004999,396599,334545,2004999,144099,0,0,33559,0.863333,0.876667,90
8,6,11,test,2004999,396599,334545,2004999,149220,0,0,34928,0.876667,0.89,94
8,6,12,test,2004999,396599,334545,2004999,154047,0,0,37054,0.88,0.893333,97
8,7,4,test,2004999,396599,334545,2004999,98444,0,0,36359,0.843333,0.856667,79
8,7,5,test,2004999,396599,334545,2004999,108151,0,0,34115,0.846667,0.86,84
8,7,6,test,2004999,396599,334545,2004999,116336,0,0,32019,0.86,0.873333,89
8,7,7,test,2004999,396599,334545,2004999,123301,0,0,30361,0.863333,0.876667,94
8,7,8,test,2004999,396599,334545,2004999,130243,0,0,29124,0.87,0.883333,99
8,7,9,test,2004999,396599,334545,2004999,136887,0,0,32072,0.9,0.913333,103
8,7,10,test,2004999,396599,334545,2004999,142879,0,0,33503,0.903333,0.916667,106
8,7,11,test,2004999,396599,334545,2004999,148064,0,0,35063,0.906667,0.92,110
8,7,12,test,2004999,396599,334545,2004999,152845,0,0,36416,0.906667,0.92,114
8,8,4,test,2004999,396599,334545,2004999,93238,0,0,33273,0.846667,0.86,90
8,8,5,test,2004999,396599,334545,2004999,102338,0,0,31135,0.843333,0.856667,95
8,8,6,test,2004999,396599,334545,2004999,110096,0,0,29312,0.846667,0.86,101
8,8,7,test,2004999,396599,334545,2004999,116445,0,0,28272,0.853333,0.866667,107
8,8,8,test,2004999,396599,334545,2004999,123100,0,0,27762,0.856667,0.87,113
8,8,9,test,2004999,396599,334545,2004999,129397,0,0,29230,0.893333,0.906667,122
8,8,10,test,2004999,396599,334545,2004999,135074,0,0,30845,0.896667,0.91,129
8,8,11,test,2004999,396599,334545,2004999,139953,0,0,32060,0.9,0.913333,136
8,8,12,test,2004999,396599,334545,2004999,144556,0,0,33959,0.906667,0.92,151
8,9,4,test,2004999,396599,334545,2004999,93482,0,0,33269,0.873333,0.886667,109
8,9,5,test,2004999,396599,334545,2004999,102588,0,0,31043,0.896667,0.91,123
8,9,6,test,2004999,396599,334545,2004999,110366,0,0,29200,0.89,0.903333,141
8,9,7,test,2004999,396599,334545,2004999,116749,0,0,28149,0.896667,0.91,153
8,9,8,test,2004999,396599,334545,2004999,123447,0,0,27613,0.903333,0.916667,164
8,9,9,test,2004999,396599,334545,2004999,129776,0,0,28985,0.966667,0.98,152
8,9,10,test,2004999,396599,334545,2004999,135503,0,0,30522,0.97,0.983333,160
8,9,11,test,2004999,396599,334545,2004999,140434,0,0,31758,0.973333,0.986667,168
8,9,12,test,2004999,396599,334545,2004999,145097,0,0,33640,0.973333,0.986667,188
8,10,4,test,2004999,396599,334545,2004999,92784,0,0,33000,0.916667,0.93,157
8,10,5,test,2004999,396599,334545,2004999,101780,0,0,30816,0.94,0.953333,179
8,10,6,test,2004999,396599,334545,2004999,109440,0,0,29024,0.956667,0.97,173
8,10,7,test,2004999,396599,334545,2004999,115710,0,0,27970,0.96,0.973333,187
8,10,8,test,2004999,396599,334545,2004999,122300,0,0,27448,0.966667,0.98,200
8,10,9,test,2004999,396599,334545,2004999,128517,0,0,28798,1.00667,1.02,217
8,10,10,test,2004999,396599,334545,2004999,134131,0,0,30323,1.02333,1.03667,232
8,10,11,test,2004999,396599,334545,2004999,138930,0,0,31514,1.03,1.04333,247
8,10,12,test,2004999,396599,334545,2004999,143474,0,0,33359,1.03667,1.05,262
8,11,4,test,2004999,396599,334545,2004999,92576,0,0,32915,0.983333,0.996667,191
8,11,5,test,2004999,396599,334545,2004999,101541,0,0,30700,1.00333,1.01667,219
8,11,6,test,2004999,396599,334545,2004999,109175,0,0,28871,1.01667,1.03,246
8,11,7,test,2004999,396599,334545,2004999,115402,0,0,27833,1.03333,1.04667,273
8,11,8,test,2004999,396599,334545,2004999,121959,0,0,27357,1.12667,1.14,222
8,11,9,test,2004999,396599,334545,2004999,128142,0,0,28659,1.16667,1.18,241
8,11,10,test,2004999,396599,334545,2004999,133725,0,0,30133,1.17333,1.18667,256
8,11,11,test,2004999,396599,334545,2004999,138501,0,0,31343,1.18,1.19333,271
8,11,12,test,2004999,396599,334545,2004999,143007,0,0,33171,1.18667,1.2,286
8,12,4,test,2004999,396599,334545,2004999,92489,0,0,32903,1.14,1.15333,213
8,12,5,test,2004999,396599,334545,2004999,101449,0,0,30670,1.15333,1.16667,238
8,12,6,test,2004999,396599,334545,2004999,109071,0,0,28864,1.16667,1.18,264
8,12,7,test,2004999,396599,334545,2004999,115290,0,0,27812,1.18,1.19333,291
8,12,8,test,2004999,396599,334545,2004999,121832,0,0,27330,1.19667,1.21,317
8,12,9,test,2004999,396599,334545,2004999,128008,0,0,28659,1.24333,1.25667,350
8,12,10,test,2004999,396599,334545,2004999,133578,0,0,30118,1.3,1.31333,333
8,12,11,test,2004999,396599,334545,2004999,138357,0,0,31306,1.31,1.32333,357
8,12,12,test,2004999,396599,334545,2004999,142856,0,0,33116,1.32667,1.34,381
9,4,4,test,2004999,396599,334545,2004999,118433,0,0,44539,0.786667,0.8,74
9,4,5,test,2004999,396599,334545,2004999,128876,0,0,41322,0.74,0.753333,75
9,4,6,test,2004999,396599,334545,2004999,138233,0,0,38572,0.743333,0.756667,77
9,4,7,test,2004999,396599,334545,2004999,146472,0,0,36753,0.756667,0.77,79
9,4,8,test,2004999,396599,334545,2004999,154681,0,0,35257,0.756667,0.77,81
9,4,9,test,2004999,396599,334545,2004999,162056,0,0,33982,0.76,0.773333,83
9,4,10,test,2004999,396599,334545,2004999,169338,0,0,37107,0.793333,0.806667,87
9,4,11,test,2004999,396599,334545,2004999,175211,0,0,40061,0.783333,0.796667,89
9,4,12,test,2004999,396599,334545,2004999,181023,0,0,40777,0.786667,0.8,90
9,5,4,test,2004999,396599,334545,2004999,104696,0,0,38492,0.813333,0.826667,77
9,5,5,test,2004999,396599,334545,2004999,114759,0,0,36168,0.813333,0.826667,80
9,5,6,test,2004999,396599,334545,2004999,123308,0,0,34280,0.806667,0.82,82
9,5,7,test,2004999,396599,334545,2004999,131054,0,0,32934,0.81,0.823333,84
9,5,8,test,2004999,396599,334545,2004999,138122,0,0,31897,0.813333,0.826667,86
9,5,9,test,2004999,396599,334545,2004999,144942,0,0,30777,0.803333,0.816667,89
9,5,10,test,2004999,396599,334545,2004999,151310,0,0,33545,0.836667,0.85,93
9,5,11,test,2004999,396599,334545,2004999,157064,0,0,36623,0.85,0.863333,96
9,5,12,test,2004999,396599,334545,2004999,161945,0,0,37883,0.85,0.863333,98
9,6,4,test,2004999,396599,334545,2004999,100263,0,0,36028,0.826667,0.84,82
9,6,5,test,2004999,396599,334545,2004999,109999,0,0,33708,0.833333,0.846667,86
9,6,6,test,2004999,396599,334545,2004999,118205,0,0,31576,0.846667,0.86,89
9,6,7,test,2004999,396599,334545,2004999,125162,0,0,30649,0.85,0.863333,93
9,6,8,test,2004999,396599,334545,2004999,131774,0,0,30042,0.85,0.863333,96
9,6,9,test,2004999,396599,334545,2004999,138213,0,0,29327,0.85,0.863333,99
9,6,10,test,2004999,396599,334545,2004999,144192,0,0,30947,0.886667,0.9,104
9,6,11,test,2004999,396599,334545,2004999,149205,0,0,32622,0.89,0.903333,107
9,6,12,test,2004999,396599,334545,2004999,154156,0,0,33702,0.893333,0.906667,109
9,7,4,test,2004999,396599,334545,2004999,98444,0,0,36359,0.866667,0.88,93
9,7,5,test,2004999,396599,334545,2004999,108151,0,0,34115,0.87,0.883333,97
9,7,6,test,2004999,396599,334545,2004999,116336,0,0,32019,0.873333,0.886667,101
9,7,7,test,2004999,396599,334545,2004999,123301,0,0,30361,0.866667,0.88,105
9,7,8,test,2004999,396599,334545,2004999,130243,0,0,29124,0.873333,0.886667,109
9,7,9,test,2004999,396599,334545,2004999,136639,0,0,27977,0.87,0.883333,110
9,7,10,test,2004999,396599,334545,2004999,142836,0,0,31241,0.906667,0.92,116
9,7,11,test,2004999,396599,334545,2004999,147853,0,0,32182,0.91,0.923333,120
9,7,12,test,2004999,396599,334545,2004999,152787,0,0,33290,0.91,0.923333,124
9,8,4,test,2004999,396599,334545,2004999,93238,0,0,33273,0.85,0.863333,100
9,8,5,test,2004999,396599,334545,2004999,102338,0,0,31135,0.846667,0.86,105
9,8,6,test,2004999,396599,334545,2004999,110096,0,0,29312,0.85,0.863333,111
9,8,7,test,2004999,396599,334545,2004999,116445,0,0,28272,0.856667,0.87,117
9,8,8,test,2004999,396599,334545,2004999,123100,0,0,27762,0.89,0.903333,133
9,8,9,test,2004999,396599,334545,2004999,129277,0,0,27097,0.863333,0.876667,129
9,8,10,test,2004999,396599,334545,2004999,135028,0,0,28323,0.9,0.913333,138
9,8,11,test,2004999,396599,334545,2004999,139831,0,0,29944,0.913333,0.926667,145
9,8,12,test,2004999,396599,334545,2004999,144535,0,0,30727,0.91,0.923333,160
9,9,4,test,2004999,396599,334545,2004999,93482,0,0,33269,0.906667,0.92,129
9,9,5,test,2004999,396599,334545,2004999,102588,0,0,31043,0.9,0.913333,132
9,9,6,test,2004999,396599,334545,2004999,110366,0,0,29200,0.893333,0.906667,150
9,9,7,test,2004999,396599,334545,2004999,116749,0,0,28149,0.9,0.913333,162
9,9,8,test,2004999,396599,334545,2004999,123447,0,0,27613,0.916667,0.93,174
9,9,9,test,2004999,396599,334545,2004999,129667,0,0,26959,0.936667,0.95,159
9,9,10,test,2004999,396599,334545,2004999,135462,0,0,28159,0.973333,0.986667,169
9,9,11,test,2004999,396599,334545,2004999,140308,0,0,29658,0.976667,0.99,177
9,9,12,test,2004999,396599,334545,2004999,145069,0,0,30351,0.976667,0.99,198
9,10,4,test,2004999,396599,334545,2004999,92784,0,0,33000,0.93,0.943333,167
9,10,5,test,2004999,396599,334545,2004999,101780,0,0,30816,0.943333,0.956667,188
9,10,6,test,2004999,396599,334545,2004999,109440,0,0,29024,0.96,0.973333,183
9,10,7,test,2004999,396599,334545,2004999,115710,0,0,27970,0.963333,0.976667,196
9,10,8,test,2004999,396599,334545,2004999,122300,0,0,27448,1,1.01333,221
9,10,9,test,2004999,396599,334545,2004999,128401,0,0,26771,0.986667,1,224
9,10,10,test,2004999,396599,334545,2004999,134076,0,0,27989,1.02667,1.04,242
9,10,11,test,2004999,396599,334545,2004999,138812,0,0,29433,1.03333,1.04667,256
9,10,12,test,2004999,396599,334545,2004999,143454,0,0,30086,1.04,1.05333,271
9,11,4,test,2004999,396599,334545,2004999,92576,0,0,32915,1.01667,1.03,212
9,11,5,test,2004999,396599,334545,2004999,101541,0,0,30700,1.00667,1.02,228
9,11,6,test,2004999,396599,334545,2004999,109175,0,0,28871,1.02,1.03333,256
9,11,7,test,2004999,396599,334545,2004999,115402,0,0,27833,1.04667,1.06,283
9,11,8,test,2004999,396599,334545,2004999,121959,0,0,27357,1.13,1.14333,232
9,11,9,test,2004999,396599,334545,2004999,128034,0,0,26708,1.13667,1.15,248
9,11,10,test,2004999,396599,334545,2004999,133682,0,0,27864,1.17667,1.19,265
9,11,11,test,2004999,396599,334545,2004999,138378,0,0,29286,1.18333,1.19667,280
9,11,12,test,2004999,396599,334545,2004999,142990,0,0,29933,1.19,1.20333,296
9,12,4,test,2004999,396599,334545,2004999,92489,0,0,32903,1.15333,1.16667,223
9,12,5,test,2004999,396599,334545,2004999,101449,0,0,30670,1.15667,1.17,248
9,12,6,test,2004999,396599,334545,2004999,109071,0,0,28864,1.17,1.18333,274
9,12,7,test,2004999,396599,334545,2004999,115290,0,0,27812,1.18333,1.19667,300
9,12,8,test,2004999,396599,334545,2004999,121832,0,0,27330,1.23,1.24333,338
9,12,9,test,2004999,396599,334545,2004999,127899,0,0,26691,1.22333,1.23667,357
9,12,10,test,2004999,396599,334545,2004999,133535,0,0,27850,1.30333,1.31667,343
9,12,11,test,2004999,396599,334545,2004999,138231,0,0,29272,1.31333,1.32667,367
9,12,12,test,2004999,396599,334545,2004999,142838,0,0,29914,1.33,1.34333,391
10,4,4,test,2004999,396599,334545,2004999,118433,0,0,44539,0.823333,0.836667,93
10,4,5,test,2004999,396599,334545,2004999,128876,0,0,41322,0.776667,0.79,94
10,4,6,test,2004999,396599,334545,2004999,138233,0,0,38572,0.78,0.793333,96
10,4,7,test,2004999,396599,334545,2004999,146472,0,0,36753,0.783333,0.796667,98
10,4,8,test,2004999,396599,334545,2004999,154681,0,0,35257,0.783333,0.796667,97
10,4,9,test,2004999,396599,334545,2004999,162056,0,0,33982,0.786667,0.8,102
10,4,10,test,2004999,396599,334545,2004999,168963,0,0,33070,0.786667,0.8,104
10,4,11,test,2004999,396599,334545,2004999,175250,0,0,36079,0.82,0.833333,108
10,4,12,test,2004999,396599,334545,2004999,181030,0,0,38745,0.823333,0.836667,111
10,5,4,test,2004999,396599,334545,2004999,104696,0,0,38492,0.84,0.853333,93
10,5,5,test,2004999,396599,334545,2004999,114759,0,0,36168,0.85,0.863333,99
10,5,6,test,2004999,396599,334545,2004999,123308,0,0,34280,0.853333,0.866667,101
10,5,7,test,2004999,396599,334545,2004999,131054,0,0,32934,0.856667,0.87,104
10,5,8,test,2004999,396599,334545,2004999,138122,0,0,31897,0.86,0.873333,107
10,5,9,test,2004999,396599,334545,2004999,144942,0,0,30777,0.85,0.863333,110
10,5,10,test,2004999,396599,334545,2004999,151150,0,0,29881,0.85,0.863333,112
10,5,11,test,2004999,396599,334545,2004999,156785,0,0,32616,0.886667,0.9,117
10,5,12,test,2004999,396599,334545,2004999,161876,0,0,35582,0.886667,0.9,120
10,6,4,test,2004999,396599,334545,2004999,100263,0,0,36028,0.873333,0.886667,103
10,6,5,test,2004999,396599,334545,2004999,109999,0,0,33708,0.88,0.893333,107
10,6,6,test,2004999,396599,334545,2004999,118205,0,0,31576,0.883333,0.896667,111
10,6,7,test,2004999,396599,334545,2004999,125162,0,0,30649,0.886667,0.9,114
10,6,8,test,2004999,396599,334545,2004999,131774,0,0,30042,0.876667,0.89,112
10,6,9,test,2004999,396599,334545,2004999,138213,0,0,29327,0.886667,0.9,121
10,6,10,test,2004999,396599,334545,2004999,144083,0,0,28273,0.9,0.913333,124
10,6,11,test,2004999,396599,334545,2004999,149265,0,0,29781,0.936667,0.95,130
10,6,12,test,2004999,396599,334545,2004999,154090,0,0,32000,0.94,0.953333,134
10,7,4,test,2004999,396599,334545,2004999,98444,0,0,36359,0.893333,0.906667,109
10,7,5,test,2004999,396599,334545,2004999,108151,0,0,34115,0.916667,0.93,120
10,7,6,test,2004999,396599,334545,2004999,116336,0,0,32019,0.92,0.933333,125
10,7,7,test,2004999,396599,334545,2004999,123301,0,0,30361,0.923333,0.936667,130
10,7,8,test,2004999,396599,334545,2004999,130243,0,0,29124,0.93,0.943333,135
10,7,9,test,2004999,396599,334545,2004999,136639,0,0,27977,0.926667,0.94,137
10,7,10,test,2004999,396599,334545,2004999,142609,0,0,27229,0.93,0.943333,142
10,7,11,test,2004999,396599,334545,2004999,147806,0,0,30000,0.966667,0.98,149
10,7,12,test,2004999,396599,334545,2004999,152597,0,0,30715,0.976667,0.99,154
10,8,4,test,2004999,396599,334545,2004999,93238,0,0,33273,0.906667,0.92,126
10,8,5,test,2004999,396599,334545,2004999,102338,0,0,31135,0.903333,0.916667,132
10,8,6,test,2004999,396599,334545,2004999,110096,0,0,29312,0.916667,0.93,139
10,8,7,test,2004999,396599,334545,2004999,116445,0,0,28272,0.923333,0.936667,147
10,8,8,test,2004999,396599,334545,2004999,123100,0,0,27762,0.906667,0.92,144
10,8,9,test,2004999,396599,334545,2004999,129277,0,0,27097,0.91,0.923333,151
10,8,10,test,2004999,396599,334545,2004999,134921,0,0,26194,0.913333,0.926667,158
10,8,11,test,2004999,396599,334545,2004999,139898,0,0,27502,0.95,0.963333,168
10,8,12,test,2004999,396599,334545,2004999,144488,0,0,28869,0.946667,0.96,183
10,9,4,test,2004999,396599,334545,2004999,93482,0,0,33269,0.923333,0.936667,140
10,9,5,test,2004999,396599,334545,2004999,102588,0,0,31043,0.946667,0.96,154
10,9,6,test,2004999,396599,334545,2004999,110366,0,0,29200,0.93,0.943333,172
10,9,7,test,2004999,396599,334545,2004999,116749,0,0,28149,0.946667,0.96,184
10,9,8,test,2004999,396599,334545,2004999,123447,0,0,27613,0.953333,0.966667,196
10,9,9,test,2004999,396599,334545,2004999,129667,0,0,26959,0.983333,0.996667,181
10,9,10,test,2004999,396599,334545,2004999,135358,0,0,26093,0.986667,1,189
10,9,11,test,2004999,396599,334545,2004999,140384,0,0,27291,1.02333,1.03667,200
10,9,12,test,2004999,396599,334545,2004999,145028,0,0,28621,1.02333,1.03667,220
10,10,4,test,2004999,396599,334545,2004999,92784,0,0,33000,0.966667,0.98,188
10,10,5,test,2004999,396599,334545,2004999,101780,0,0,30816,0.98,0.993333,210
10,10,6,test,2004999,396599,334545,2004999,109440,0,0,29024,1.00667,1.02,204
10,10,7,test,2004999,396599,334545,2004999,115710,0,0,27970,1.01,1.02333,218
10,10,8,test,2004999,396599,334545,2004999,122300,0,0,27448,1.01667,1.03,231
10,10,9,test,2004999,396599,334545,2004999,128401,0,0,26771,1.02333,1.03667,246
10,10,10,test,2004999,396599,334545,2004999,133972,0,0,25889,1.03,1.04333,261
10,10,11,test,2004999,396599,334545,2004999,138886,0,0,27114,1.07,1.08333,279
10,10,12,test,2004999,396599,334545,2004999,143398,0,0,28445,1.08667,1.1,294
10,11,4,test,2004999,396599,334545,2004999,92576,0,0,32915,1.03333,1.04667,223
10,11,5,test,2004999,396599,334545,2004999,101541,0,0,30700,1.04333,1.05667,250
10,11,6,test,2004999,396599,334545,2004999,109175,0,0,28871,1.06667,1.08,278
10,11,7,test,2004999,396599,334545,2004999,115402,0,0,27833,1.08333,1.09667,305
10,11,8,test,2004999,396599,334545,2004999,121959,0,0,27357,1.17667,1.19,254
10,11,9,test,2004999,396599,334545,2004999,128034,0,0,26708,1.18333,1.19667,270
10,11,10,test,2004999,396599,334545,2004999,133580,0,0,25870,1.19,1.20333,285
10,11,11,test,2004999,396599,334545,2004999,138452,0,0,26998,1.23,1.24333,303
10,11,12,test,2004999,396599,334545,2004999,142943,0,0,28258,1.23667,1.25,318
10,12,4,test,2004999,396599,334545,2004999,92489,0,0,32903,1.19,1.20333,245
10,12,5,test,2004999,396599,334545,2004999,101449,0,0,30670,1.20333,1.21667,270
10,12,6,test,2004999,396599,334545,2004999,109071,0,0,28864,1.21667,1.23,296
10,12,7,test,2004999,396599,334545,2004999,115290,0,0,27812,1.22,1.23333,323
10,12,8,test,2004999,396599,334545,2004999,121832,0,0,27330,1.23667,1.25,349
10,12,9,test,2004999,396599,334545,2004999,127899,0,0,26691,1.26,1.27333,380
10,12,10,test,2004999,396599,334545,2004999,133435,0,0,25858,1.30667,1.32,363
10,12,11,test,2004999,396599,334545,2004999,138309,0,0,26964,1.36,1.37333,390
10,12,12,test,2004999,396599,334545,2004999,142792,0,0,28232,1.36667,1.38,414
11,4,4,test,2004999,396599,334545,2004999,118433,0,0,44539,0.886667,0.9,139
11,4,5,test,2004999,396599,334545,2004999,128876,0,0,41322,0.84,0.853333,140
11,4,6,test,2004999,396599,334545,2004999,138233,0,0,38572,0.843333,0.856667,142
11,4,7,test,2004999,396599,334545,2004999,146472,0,0,36753,0.846667,0.86,144
11,4,8,test,2004999,396599,334545,2004999,154681,0,0,35257,0.846667,0.86,146
11,4,9,test,2004999,396599,334545,2004999,162056,0,0,33982,0.85,0.863333,147
11,4,10,test,2004999,396599,334545,2004999,168963,0,0,33070,0.85,0.863333,149
11,4,11,test,2004999,396599,334545,2004999,175114,0,0,32655,0.85,0.863333,151
11,4,12,test,2004999,396599,334545,2004999,181148,0,0,35373,0.886667,0.9,156
11,5,4,test,2004999,396599,334545,2004999,104696,0,0,38492,0.903333,0.916667,142
11,5,5,test,2004999,396599,334545,2004999,114759,0,0,36168,0.903333,0.916667,144
11,5,6,test,2004999,396599,334545,2004999,123308,0,0,34280,0.906667,0.92,146
11,5,7,test,2004999,396599,334545,2004999,131054,0,0,32934,0.91,0.923333,148
11,5,8,test,2004999,396599,334545,2004999,138122,0,0,31897,0.913333,0.926667,150
11,5,9,test,2004999,396599,334545,2004999,144942,0,0,30777,0.903333,0.916667,153
11,5,10,test,2004999,396599,334545,2004999,151150,0,0,29881,0.903333,0.916667,155
11,5,11,test,2004999,396599,334545,2004999,156619,0,0,29400,0.906667,0.92,158
11,5,12,test,2004999,396599,334545,2004999,161942,0,0,31332,0.94,0.953333,163
11,6,4,test,2004999,396599,334545,2004999,100263,0,0,36028,0.926667,0.94,146
11,6,5,test,2004999,396599,334545,2004999,109999,0,0,33708,0.933333,0.946667,150
11,6,6,test,2004999,396599,334545,2004999,118205,0,0,31576,0.936667,0.95,154
11,6,7,test,2004999,396599,334545,2004999,125162,0,0,30649,0.94,0.953333,157
11,6,8,test,2004999,396599,334545,2004999,131774,0,0,30042,0.94,0.953333,161
11,6,9,test,2004999,396599,334545,2004999,138213,0,0,29327,0.94,0.953333,164
11,6,10,test,2004999,396599,334545,2004999,144083,0,0,28273,0.943333,0.956667,166
11,6,11,test,2004999,396599,334545,2004999,149163,0,0,27473,0.946667,0.96,169
11,6,12,test,2004999,396599,334545,2004999,154221,0,0,28854,0.983333,0.996667,175
11,7,4,test,2004999,396599,334545,2004999,98444,0,0,36359,0.956667,0.97,158
11,7,5,test,2004999,396599,334545,2004999,108151,0,0,34115,0.96,0.973333,162
11,7,6,test,2004999,396599,334545,2004999,116336,0,0,32019,0.963333,0.976667,166
11,7,7,test,2004999,396599,334545,2004999,123301,0,0,30361,0.966667,0.98,170
11,7,8,test,2004999,396599,334545,2004999,130243,0,0,29124,0.973333,0.986667,173
11,7,9,test,2004999,396599,334545,2004999,136639,0,0,27977,0.97,0.983333,175
11,7,10,test,2004999,396599,334545,2004999,142609,0,0,27229,0.973333,0.986667,180
11,7,11,test,2004999,396599,334545,2004999,147704,0,0,26545,0.976667,0.99,184
11,7,12,test,2004999,396599,334545,2004999,152717,0,0,29117,1.01,1.02333,192
11,8,4,test,2004999,396599,334545,2004999,93238,0,0,33273,0.95,0.963333,165
11,8,5,test,2004999,396599,334545,2004999,102338,0,0,31135,0.946667,0.96,170
11,8,6,test,2004999,396599,334545,2004999,110096,0,0,29312,0.95,0.963333,178
11,8,7,test,2004999,396599,334545,2004999,116445,0,0,28272,0.966667,0.98,185
11,8,8,test,2004999,396599,334545,2004999,123100,0,0,27762,0.97,0.983333,193
11,8,9,test,2004999,396599,334545,2004999,129277,0,0,27097,0.973333,0.986667,199
11,8,10,test,2004999,396599,334545,2004999,134921,0,0,26194,0.976667,0.99,204
11,8,11,test,2004999,396599,334545,2004999,139785,0,0,25498,0.97,0.983333,210
11,8,12,test,2004999,396599,334545,2004999,144591,0,0,26559,1,1.01333,226
11,9,4,test,2004999,396599,334545,2004999,93482,0,0,33269,0.986667,1,189
11,9,5,test,2004999,396599,334545,2004999,102588,0,0,31043,1.01,1.02333,200
11,9,6,test,2004999,396599,334545,2004999,110366,0,0,29200,0.983333,0.996667,216
11,9,7,test,2004999,396599,334545,2004999,116749,0,0,28149,0.99,1.00333,225
11,9,8,test,2004999,396599,334545,2004999,123447,0,0,27613,0.996667,1.01,234
11,9,9,test,2004999,396599,334545,2004999,129667,0,0,26959,1.02667,1.04,221
11,9,10,test,2004999,396599,334545,2004999,135358,0,0,26093,1.03,1.04333,231
11,9,11,test,2004999,396599,334545,2004999,140275,0,0,25395,1.03333,1.04667,237
11,9,12,test,2004999,396599,334545,2004999,145131,0,0,26419,1.06667,1.08,260
11,10,4,test,2004999,396599,334545,2004999,92784,0,0,33000,1.01,1.02333,227
11,10,5,test,2004999,396599,334545,2004999,101780,0,0,30816,1.02333,1.03667,249
11,10,6,test,2004999,396599,334545,2004999,109440,0,0,29024,1.05,1.06333,244
11,10,7,test,2004999,396599,334545,2004999,115710,0,0,27970,1.05333,1.06667,258
11,10,8,test,2004999,396599,334545,2004999,122300,0,0,27448,1.1,1.11333,292
11,10,9,test,2004999,396599,334545,2004999,128401,0,0,26771,1.06667,1.08,284
11,10,10,test,2004999,396599,334545,2004999,133972,0,0,25889,1.07333,1.08667,299
11,10,11,test,2004999,396599,334545,2004999,138769,0,0,25209,1.08,1.09333,314
11,10,12,test,2004999,396599,334545,2004999,143506,0,0,26261,1.12,1.13333,332
11,11,4,test,2004999,396599,334545,2004999,92576,0,0,32915,1.11667,1.13,283
11,11,5,test,2004999,396599,334545,2004999,101541,0,0,30700,1.08667,1.1,288
11,11,6,test,2004999,396599,334545,2004999,109175,0,0,28871,1.1,1.11333,316
11,11,7,test,2004999,396599,334545,2004999,115402,0,0,27833,1.12667,1.14,343
11,11,8,test,2004999,396599,334545,2004999,121959,0,0,27357,1.21,1.22333,292
11,11,9,test,2004999,396599,334545,2004999,128034,0,0,26708,1.21667,1.23,309
11,11,10,test,2004999,396599,334545,2004999,133580,0,0,25870,1.22333,1.23667,323
11,11,11,test,2004999,396599,334545,2004999,138344,0,0,25182,1.23,1.24333,338
11,11,12,test,2004999,396599,334545,2004999,143048,0,0,26142,1.27,1.28333,356
11,12,4,test,2004999,396599,334545,2004999,92489,0,0,32903,1.23333,1.24667,283
11,12,5,test,2004999,396599,334545,2004999,101449,0,0,30670,1.23667,1.25,309
11,12,6,test,2004999,396599,334545,2004999,109071,0,0,28864,1.25,1.26333,335
11,12,7,test,2004999,396599,334545,2004999,115290,0,0,27812,1.26333,1.27667,361
11,12,8,test,2004999,396599,334545,2004999,121832,0,0,27330,1.33,1.34333,410
11,12,9,test,2004999,396599,334545,2004999,127899,0,0,26691,1.30333,1.31667,418
11,12,10,test,2004999,396599,334545,2004999,133435,0,0,25858,1.35,1.36333,401
11,12,11,test,2004999,396599,334545,2004999,138198,0,0,25157,1.36,1.37333,425
11,12,12,test,2004999,396599,334545,2004999,142897,0,0,26081,1.41,1.42333,452
12,4,4,test,2004999,396599,334545,2004999,118433,0,0,44539,0.953333,0.966667,178
12,4,5,test,2004999,396599,334545,2004999,128876,0,0,41322,0.906667,0.92,178
12,4,6,test,2004999,396599,334545,2004999,138233,0,0,38572,0.91,0.923333,180
12,4,7,test,2004999,396599,334545,2004999,146472,0,0,36753,0.913333,0.926667,182
12,4,8,test,2004999,396599,334545,2004999,154681,0,0,35257,0.913333,0.926667,181
12,4,9,test,2004999,396599,334545,2004999,162056,0,0,33982,0.916667,0.93,186
12,4,10,test,2004999,396599,334545,2004999,168963,0,0,33070,0.916667,0.93,188
12,4,11,test,2004999,396599,334545,2004999,175114,0,0,32655,0.916667,0.93,190
12,4,12,test,2004999,396599,334545,2004999,180881,0,0,32144,0.92,0.933333,192
12,5,4,test,2004999,396599,334545,2004999,104696,0,0,38492,0.97,0.983333,177
12,5,5,test,2004999,396599,334545,2004999,114759,0,0,36168,0.98,0.993333,183
12,5,6,test,2004999,396599,334545,2004999,123308,0,0,34280,0.983333,0.996667,186
12,5,7,test,2004999,396599,334545,2004999,131054,0,0,32934,0.986667,1,188
12,5,8,test,2004999,396599,334545,2004999,138122,0,0,31897,0.99,1.00333,191
12,5,9,test,2004999,396599,334545,2004999,144942,0,0,30777,0.98,0.993333,194
12,5,10,test,2004999,396599,334545,2004999,151150,0,0,29881,0.98,0.993333,196
12,5,11,test,2004999,396599,334545,2004999,156619,0,0,29400,0.983333,0.996667,199
12,5,12,test,2004999,396599,334545,2004999,161699,0,0,28721,0.983333,0.996667,201
12,6,4,test,2004999,396599,334545,2004999,100263,0,0,36028,1.00333,1.01667,187
12,6,5,test,2004999,396599,334545,2004999,109999,0,0,33708,1.01,1.02333,191
12,6,6,test,2004999,396599,334545,2004999,118205,0,0,31576,1.01333,1.02667,195
12,6,7,test,2004999,396599,334545,2004999,125162,0,0,30649,1.01667,1.03,198
12,6,8,test,2004999,396599,334545,2004999,131774,0,0,30042,1.00667,1.02,196
12,6,9,test,2004999,396599,334545,2004999,138213,0,0,29327,1.01667,1.03,205
12,6,10,test,2004999,396599,334545,2004999,144083,0,0,28273,1.02,1.03333,208
12,6,11,test,2004999,396599,334545,2004999,149163,0,0,27473,1.03333,1.04667,212
12,6,12,test,2004999,396599,334545,2004999,153989,0,0,26910,1.03667,1.05,215
12,7,4,test,2004999,396599,334545,2004999,98444,0,0,36359,1.02333,1.03667,194
12,7,5,test,2004999,396599,334545,2004999,108151,0,0,34115,1.03667,1.05,204
12,7,6,test,2004999,396599,334545,2004999,116336,0,0,32019,1.05,1.06333,209
12,7,7,test,2004999,396599,334545,2004999,123301,0,0,30361,1.05333,1.06667,215
12,7,8,test,2004999,396599,334545,2004999,130243,0,0,29124,1.06,1.07333,220
12,7,9,test,2004999,396599,334545,2004999,136639,0,0,27977,1.05667,1.07,222
12,7,10,test,2004999,396599,334545,2004999,142609,0,0,27229,1.06,1.07333,226
12,7,11,test,2004999,396599,334545,2004999,147704,0,0,26545,1.06333,1.07667,231
12,7,12,test,2004999,396599,334545,2004999,152515,0,0,25888,1.06333,1.07667,235
12,8,4,test,2004999,396599,334545,2004999,93238,0,0,33273,1.03667,1.05,211
12,8,5,test,2004999,396599,334545,2004999,102338,0,0,31135,1.03333,1.04667,217
12,8,6,test,2004999,396599,334545,2004999,110096,0,0,29312,1.03667,1.05,224
12,8,7,test,2004999,396599,334545,2004999,116445,0,0,28272,1.05333,1.06667,231
12,8,8,test,2004999,396599,334545,2004999,123100,0,0,27762,1.03667,1.05,228
12,8,9,test,2004999,396599,334545,2004999,129277,0,0,27097,1.06,1.07333,246
12,8,10,test,2004999,396599,334545,2004999,134921,0,0,26194,1.06333,1.07667,253
12,8,11,test,2004999,396599,334545,2004999,139785,0,0,25498,1.06667,1.08,260
12,8,12,test,2004999,396599,334545,2004999,144371,0,0,24795,1.07333,1.08667,276
12,9,4,test,2004999,396599,334545,2004999,93482,0,0,33269,1.05333,1.06667,225
12,9,5,test,2004999,396599,334545,2004999,102588,0,0,31043,1.09667,1.11,249
12,9,6,test,2004999,396599,334545,2004999,110366,0,0,29200,1.09,1.10333,267
12,9,7,test,2004999,396599,334545,2004999,116749,0,0,28149,1.09667,1.11,279
12,9,8,test,2004999,396599,334545,2004999,123447,0,0,27613,1.10333,1.11667,291
12,9,9,test,2004999,396599,334545,2004999,129667,0,0,26959,1.13333,1.14667,277
12,9,10,test,2004999,396599,334545,2004999,135358,0,0,26093,1.13667,1.15,286
12,9,11,test,2004999,396599,334545,2004999,140275,0,0,25395,1.14,1.15333,296
12,9,12,test,2004999,396599,334545,2004999,144915,0,0,24713,1.15,1.16333,318
12,10,4,test,2004999,396599,334545,2004999,92784,0,0,33000,1.11667,1.13,284
12,10,5,test,2004999,396599,334545,2004999,101780,0,0,30816,1.14,1.15333,306
12,10,6,test,2004999,396599,334545,2004999,109440,0,0,29024,1.16667,1.18,304
12,10,7,test,2004999,396599,334545,2004999,115710,0,0,27970,1.17,1.18333,320
12,10,8,test,2004999,396599,334545,2004999,122300,0,0,27448,1.13667,1.15,316
12,10,9,test,2004999,396599,334545,2004999,128401,0,0,26771,1.15333,1.16667,331
12,10,10,test,2004999,396599,334545,2004999,133972,0,0,25889,1.16,1.17333,346
12,10,11,test,2004999,396599,334545,2004999,138769,0,0,25209,1.16667,1.18,361
12,10,12,test,2004999,396599,334545,2004999,143289,0,0,24475,1.17333,1.18667,376
12,11,4,test,2004999,396599,334545,2004999,92576,0,0,32915,1.16333,1.17667,308
12,11,5,test,2004999,396599,334545,2004999,101541,0,0,30700,1.17333,1.18667,335
12,11,6,test,2004999,396599,334545,2004999,109175,0,0,28871,1.18667,1.2,363
12,11,7,test,2004999,396599,334545,2004999,115402,0,0,27833,1.21333,1.22667,391
12,11,8,test,2004999,396599,334545,2004999,121959,0,0,27357,1.30667,1.32,340
12,11,9,test,2004999,396599,334545,2004999,128034,0,0,26708,1.31333,1.32667,356
12,11,10,test,2004999,396599,334545,2004999,133580,0,0,25870,1.32,1.33333,371
12,11,11,test,2004999,396599,334545,2004999,138344,0,0,25182,1.31667,1.33,386
12,11,12,test,2004999,396599,334545,2004999,142831,0,0,24449,1.32333,1.33667,401
12,12,4,test,2004999,396599,334545,2004999,92489,0,0,32903,1.32,1.33333,330
12,12,5,test,2004999,396599,334545,2004999,101449,0,0,30670,1.33333,1.34667,356
12,12,6,test,2004999,396599,334545,2004999,109071,0,0,28864,1.33667,1.35,382
12,12,7,test,2004999,396599,334545,2004999,115290,0,0,27812,1.35,1.36333,408
12,12,8,test,2004999,396599,334545,2004999,121832,0,0,27330,1.36667,1.38,435
12,12,9,test,2004999,396599,334545,2004999,127899,0,0,26691,1.39,1.40333,466
12,12,10,test,2004999,396599,334545,2004999,133435,0,0,25858,1.43667,1.45,449
12,12,11,test,2004999,396599,334545,2004999,138198,0,0,25157,1.45667,1.47,473
12,12,12,test,2004999,396599,334545,2004999,142681,0,0,24444,1.46333,1.47667,497
